{
  "plane": {
    "width": 10,
    "height": 10
  },
  "cameras": [
    {
      "id": "cam1",
      "position": [
        -2,
        5,
        -2
      ],
      "rotation": [
        -1.7000000000000004,
        2.7755575615628914e-17,
        2.7755575615628914e-17
      ],
      "fov": 59.20000000000002
    },
    {
      "id": "cam2",
      "position": [
        -2,
        5,
        2
      ],
      "rotation": [
        -1.6000000000000003,
        2.7755575615628914e-17,
        2.7755575615628914e-17
      ],
      "fov": 70.20000000000002
    },
    {
      "id": "cam4",
      "position": [
        2,
        5,
        2
      ],
      "rotation": [
        -1.6000000000000003,
        -0.09999999999999998,
        2.7755575615628914e-17
      ],
      "fov": 72.20000000000002
    },
    {
      "id": "cam3",
      "position": [
        0,
        5,
        -2
      ],
      "rotation": [
        -1.5000000000000002,
        -0.09999999999999998,
        2.7755575615628914e-17
      ],
      "fov": 68.20000000000002
    }
  ]
}